"","accuracy","precision","recall"
"phishing",99.3485342019544,98.5714285714286,100
"benign",99.3485342019544,100,98.8165680473373
