"","accuracy","precision","recall"
"benign",99.3079584775086,100,98.8235294117647
"spam",99.3079584775086,98.3471074380165,100
