"","accuracy","precision","recall"
"spam",99.1666666666667,99.2957746478873,98.9473684210526
"benign",99.1666666666667,99.0506329113924,99.3650793650794
