"","accuracy","precision","recall"
"phishing",95.3333333333333,94,96.5753424657534
"benign",95.3333333333333,96.6666666666667,94.1558441558442
