"","accuracy","precision","recall"
"benign",99.3079584775086,99.2647058823529,99.2647058823529
"spam",99.3079584775086,99.3464052287582,99.3464052287582
